id,product_name
1,HS Charm B230
2,ITE Laverock 5B
3,HS Skylark 730
4,CIC Linear 15
5,ITC Charm G630
6,CIC Laverock 9
7,CIC Fascinating 3300
8,ITC Skylark 530
9,HS Laverock 9
10,ITC Charm B220
11,HS Linear 11
12,CIC Charm K830
13,MINI CIC Sequel 13
14,ITE Skylark 530
15,ITC Skylark 730
16,CIC Laverock 7B
17,ITE Laverock 10
18,ITC Enjoyment 7
19,ITC Enjoyment 10-R
20,HS Skylark 530
21,ITC Laverock 9
22,ITC Linear 13
23,CIC Linear 7B
24,ITC Charm B230-W
25,ITC Enjoyment 11-R
27,CIC Skylark 530
29,HS Laverock 8
30,CIC Linear 8B
31,CIC Bowen 13
32,CIC Laverock 8
33,HS Charm E330
34,ITC Charm E330-W
35,CIC Charm B230
36,CIC Enjoyment 8
37,MINI CIC Fascinating 5200
38,CIC Enjoyment 9
39,HS Linear 13
40,CIC Charm E330
41,CIC Enjoyment 7
42,ITC Laverock 6B
43,ITE Enjoyment 9
44,CIC Laverock 10
45,ITC Skylark 650
46,ITC Linear 7B
47,ITC Fascinating 2200-W
48,ITE Linear 13
49,HS Linear 12
50,ITE Linear 7B
51,ITE Charm B230
52,ITC Enjoyment 9
53,HS Charm N530
54,MINI CIC Fascinating 5300
55,ITC Fascinating 5200-W
56,HS Linear 15
57,ITC Charm G630-W
58,MINI CIC Sequel 11
59,HS Linear 7B
60,ITC Fascinating 3200-W
61,ITE Linear 10B
62,ITC Linear 8B
63,CIC Fascinating 3200
64,HS Skylark 630
65,CIC Linear 11
66,HS Linear 10B
67,ITC Charm K830-W
68,ITC Laverock 10
69,ITC Skylark 630
70,MINI CIC Charm K830
71,ITC Fascinating 2200
72,ITC Charm N530-W
73,ITE Enjoyment 8
74,ITC Laverock 8
75,ITE Laverock 9
76,ITC Charm E330
77,ITE Linear 15
78,HS Laverock 5B
79,ITE Skylark 630
80,CIC Charm N530
81,ITC Laverock 7B
82,ITC Charm N530
83,ITC Linear 9B
84,ITC Fascinating 5200
85,ITC Enjoyment 8
86,HS Laverock 10
87,ITC Linear 12
88,MINI CIC Sequel 12
89,ITE Linear 9B
90,HS Linear 8B
91,ITC Linear 15
92,HS Laverock 7B
93,HS Linear 9
94,MINI CIC Charm N530
95,CIC Laverock 5B
96,ITE Fascinating 3200
97,MINI CIC Sequel 15
98,CIC Linear 10B
99,ITC Fascinating 5300
100,ITE Enjoyment 7
102,HS Charm K830
103,ITC Charm B230
104,ITC Laverock 5B
105,ITE Linear 12
106,ITE Linear 8B
107,HS Laverock 6B
108,CIC Linear 13
109,CIC Skylark 630
110,CIC Linear 9B
111,ITE Fascinating 5200
112,ITC Charm K830
113,HS Linear 9B
114,ITC Linear 11
115,CIC Charm G630
116,ITC Fascinating 3200
117,ITC Fascinating 5300-W
118,MINI CIC Charm G630
119,ITE Laverock 8
120,MINI CIC Fascinating 2200
121,CIC Fascinating 5200
122,MINI CIC Fascinating 3200
123,CIC Skylark 730
124,CIC Fascinating 5300
125,CIC Fascinating 2200
126,CIC Laverock 6B
127,HS Charm G630
128,ITE Charm E330
129,ITE Linear 11
130,ITC Linear 10B
131,MINI CIC Fascinating 3300
132,ITE Charm N530
133,ITE Laverock 6B
134,CIC Linear 12
